ID,Prioridade,Momento,Responsável,O que obter,Comprovação de conclusão,Regra prática
P01,P0,Antes de encerrar auditoria / programar,Webmaster / responsável pelo site,"Resolver acesso direto ou fornecer export fiel do site, assets e inventário do CMS.","Crawl completo, HTML, screenshots desktop/mobile e lista de recursos.",Bloqueia o encerramento integral solicitado.
P02,P0,Antes do design final,Direção TKS,Logo original e paleta oficial; versões permitidas.,"SVG/PDF vetorial ou PNG original e manual, se existir.","Sem isso, não fixar cores nem recriar logo."
P03,P0,Antes de conteúdo e wizard finais,Operação TKS,"Validar catálogo atual, frota, pesos, medidas e restrições.",Tabela aprovada por veículo/serviço; unidades e data de revisão.,Não usar informação indexada como garantia operacional atual.
P04,P0,Antes de conteúdo final,Operação / comercial,Aprovar cobertura e janelas de coleta por rota e serviço.,Matriz local/regional/outras rotas; urgência e horários.,Sem cidade ou prazo inventado.
P05,P0,Antes de integração do orçamento,Comercial TKS,"Definir WhatsApp principal, backup, responsável e horário.",Um destino canônico confirmado e roteiro de atendimento.,Dois telefones no site não identificam qual recebe orçamento.
P06,P0,Antes de publicar,Webmaster / direção,"Confirmar plataforma/hospedagem, domínio, DNS e capacidade de URLs limpas/301/404.",Acesso delegado seguro e plano de publicação/rollback.,Não compartilhar senhas em chat; preservar DNS de e-mail.
P07,P0,Antes de publicar conteúdo institucional,Direção TKS,"Validar razão social, CNPJ, endereço, telefones e políticas de atendimento.",Cadastro institucional vigente e aprovações.,"Não inventar CEP, mapa, coordenadas ou plantão."
P08,P0,Antes de migração definitiva,Webmaster / SEO,"Obter Search Console, analytics existente e URLs com tráfego/backlinks.","Export de páginas, consultas, links e conversões disponíveis.","Sem dados, manter URLs; não eliminar artigos por aparência."
P09,P0,Antes de publicar,Direção / responsável por privacidade,"Aprovar transparência do orçamento, encaminhamento e eventual analytics.",Texto de privacidade e regras de coleta/retenção.,Marketing separado da solicitação; eventos sem dados pessoais.
P10,P1,Antes dos módulos de confiança,Direção / comercial,Selecionar provas reais e autorizadas.,"Avaliações com fonte/data, logos autorizados ou casos aprovados.",Omitir blocos até ter evidências; não bloqueia núcleo do MVP.
P11,P1,Antes da comunicação de tecnologia,Operação TKS,Confirmar como cliente acompanha e recebe comprovante.,"Exemplo anonimizado, processo e abrangência por serviço.",Rastreamento de frota não comprova portal público em tempo real.
P12,P1,Antes das fotos finais,Direção / operação,"Obter fotos próprias de frota, equipe, base e trabalho.",Arquivos originais e autorização de uso.,Sem foto ilustrativa apresentada como frota real.
P13,P1,Antes de revisar o blog,Comercial / conteúdo,Aprovar autor/revisor e brief por artigo.,"Textos, autoria e datas reais; casos anonimizados.",Data de crawl não é data de publicação.
P14,P1,Antes de avaliar resultado comercial,Comercial TKS,"Definir lead qualificado, etapas de atendimento e registro.","Roteiro e controle com origem, orçamento e contratação.",Clique no WhatsApp não conta como lead confirmado.
