URL atual,Destino de contingência,Código se aprovado,Estado,Condição
https://tksentregas.com.br/blogmotoboy-em-campinas-regiao-e-grande-sao-paulo,https://tksentregas.com.br/blog/motoboy-em-campinas-regiao-e-grande-sao-paulo,301,INATIVO,"Somente se mudar a URL editorial após conferir Search Console, backlinks e capacidade da hospedagem."
https://tksentregas.com.br/blogfrete-rapido-em-campinas-regiao-e-grande-sao-paulo,https://tksentregas.com.br/blog/frete-rapido-em-campinas-regiao-e-grande-sao-paulo,301,INATIVO,"Somente se mudar a URL editorial após conferir Search Console, backlinks e capacidade da hospedagem."
https://tksentregas.com.br/blogentregas-expressas-campinas-regiao-grande-sao-paulo,https://tksentregas.com.br/blog/entregas-expressas-campinas-regiao-grande-sao-paulo,301,INATIVO,"Somente se mudar a URL editorial após conferir Search Console, backlinks e capacidade da hospedagem."
https://tksentregas.com.br/bloglogistica-urbana-em-campinas-como-funciona,https://tksentregas.com.br/blog/logistica-urbana-em-campinas-como-funciona,301,INATIVO,"Somente se mudar a URL editorial após conferir Search Console, backlinks e capacidade da hospedagem."
https://tksentregas.com.br/blogmotoboy-fixo-ou-avulso-qual-vale-mais-a-pena,https://tksentregas.com.br/blog/motoboy-fixo-ou-avulso-qual-vale-mais-a-pena,301,INATIVO,"Somente se mudar a URL editorial após conferir Search Console, backlinks e capacidade da hospedagem."
https://tksentregas.com.br/blogcomo-reduzir-custos-com-entregas-na-sua-empresa,https://tksentregas.com.br/blog/como-reduzir-custos-com-entregas-na-sua-empresa,301,INATIVO,"Somente se mudar a URL editorial após conferir Search Console, backlinks e capacidade da hospedagem."
https://tksentregas.com.br/blogtransporte-de-documentos-seguranca-e-rapidez,https://tksentregas.com.br/blog/transporte-de-documentos-seguranca-e-rapidez,301,INATIVO,"Somente se mudar a URL editorial após conferir Search Console, backlinks e capacidade da hospedagem."
https://tksentregas.com.br/blogfrete-com-utilitario-em-campinas-quando-usar-fiorino-van-ou-caminhonete,https://tksentregas.com.br/blog/frete-com-utilitario-em-campinas-quando-usar-fiorino-van-ou-caminhonete,301,INATIVO,"Somente se mudar a URL editorial após conferir Search Console, backlinks e capacidade da hospedagem."
https://tksentregas.com.br/blogentrega-no-mesmo-dia-em-campinas-como-funciona,https://tksentregas.com.br/blog/entrega-no-mesmo-dia-em-campinas-como-funciona,301,INATIVO,"Somente se mudar a URL editorial após conferir Search Console, backlinks e capacidade da hospedagem."
https://tksentregas.com.br/blogcomo-escolher-empresa-de-entregas-confiavel,https://tksentregas.com.br/blog/como-escolher-empresa-de-entregas-confiavel,301,INATIVO,"Somente se mudar a URL editorial após conferir Search Console, backlinks e capacidade da hospedagem."
