URL atual,URL TKS 2.0,Decisão,Status alvo,301 no MVP?,Fonte,Nota
https://tksentregas.com.br/,https://tksentregas.com.br/,Manter,200 pretendido no novo site,Não,T01,Reescrever por necessidades e direcionar ao orçamento.
https://tksentregas.com.br/servicos,https://tksentregas.com.br/servicos,Manter,200 pretendido no novo site,Não,T02,Manter URL; reorganizar o hub e separar fichas de frota.
https://tksentregas.com.br/sobre,https://tksentregas.com.br/sobre,Manter,200 pretendido no novo site,Não,T03,Manter URL; preservar história e revisar texto.
https://tksentregas.com.br/contato,https://tksentregas.com.br/contato,Manter,200 pretendido no novo site,Não,T04,Manter URL; explicar atendimento e direcionar cotação ao wizard.
https://tksentregas.com.br/blog,https://tksentregas.com.br/blog,Manter,200 pretendido no novo site,Não,T05,"Manter URL; organizar títulos, cards e links."
https://tksentregas.com.br/blogmotoboy-em-campinas-regiao-e-grande-sao-paulo,https://tksentregas.com.br/blogmotoboy-em-campinas-regiao-e-grande-sao-paulo,Manter,200 pretendido no novo site,Não,T06,"Reescrever a parte de custo: explicar fatores, sem anunciar tabela inexistente. Separar guia de contratação da landing comercial."
https://tksentregas.com.br/blogfrete-rapido-em-campinas-regiao-e-grande-sao-paulo,https://tksentregas.com.br/blogfrete-rapido-em-campinas-regiao-e-grande-sao-paulo,Manter,200 pretendido no novo site,Não,T07,"Explicar diferenças entre prazo solicitado, disponibilidade e veículo; incluir checklist de cotação e casos aprovados."
https://tksentregas.com.br/blogentregas-expressas-campinas-regiao-grande-sao-paulo,https://tksentregas.com.br/blogentregas-expressas-campinas-regiao-grande-sao-paulo,Manter,200 pretendido no novo site,Não,T08,Explicar entrega dedicada e situações indicadas; não prometer prazo fixo. Diferenciar do artigo sobre entrega no mesmo dia.
https://tksentregas.com.br/bloglogistica-urbana-em-campinas-como-funciona,https://tksentregas.com.br/bloglogistica-urbana-em-campinas-como-funciona,Manter,200 pretendido no novo site,Não,T09,"Substituir generalidades por orientações de coleta, acesso e janela de recebimento; exemplos locais somente validados."
https://tksentregas.com.br/blogmotoboy-fixo-ou-avulso-qual-vale-mais-a-pena,https://tksentregas.com.br/blogmotoboy-fixo-ou-avulso-qual-vale-mais-a-pena,Manter,200 pretendido no novo site,Não,T10,Adicionar critérios de decisão e perguntas sobre recorrência; revisar afirmações sobre responsabilidades trabalhistas.
https://tksentregas.com.br/blogcomo-reduzir-custos-com-entregas-na-sua-empresa,https://tksentregas.com.br/blogcomo-reduzir-custos-com-entregas-na-sua-empresa,Manter,200 pretendido no novo site,Não,T11,"Acrescentar método de consolidação e modelo de indicador, sem percentuais de economia prometidos."
https://tksentregas.com.br/blogtransporte-de-documentos-seguranca-e-rapidez,https://tksentregas.com.br/blogtransporte-de-documentos-seguranca-e-rapidez,Manter,200 pretendido no novo site,Não,T12,Acrescentar checklist de acondicionamento e identificação; especificar a confirmação oferecida após validação.
https://tksentregas.com.br/blogfrete-com-utilitario-em-campinas-quando-usar-fiorino-van-ou-caminhonete,https://tksentregas.com.br/blogfrete-com-utilitario-em-campinas-quando-usar-fiorino-van-ou-caminhonete,Manter,200 pretendido no novo site,Não,T13,Relacionar peso e volume às fichas de frota aprovadas; distinguir veículo ilustrativo de veículo disponível.
https://tksentregas.com.br/blogentrega-no-mesmo-dia-em-campinas-como-funciona,https://tksentregas.com.br/blogentrega-no-mesmo-dia-em-campinas-como-funciona,Manter,200 pretendido no novo site,Não,T14,Abordar janelas de solicitação e recebimento; disponibilidade sempre confirmada no atendimento.
https://tksentregas.com.br/blogcomo-escolher-empresa-de-entregas-confiavel,https://tksentregas.com.br/blogcomo-escolher-empresa-de-entregas-confiavel,Manter,200 pretendido no novo site,Não,T15,"Checklist curto com critérios demonstráveis; vincular a processos e provas reais da TKS, se disponíveis."
,https://tksentregas.com.br/servicos/motoboy-campinas,Criar,200 pretendido no novo site,Não,Recomendação,SV01
,https://tksentregas.com.br/servicos/entregas-expressas,Criar,200 pretendido no novo site,Não,Recomendação,SV02; SV13
,https://tksentregas.com.br/servicos/malotes,Criar,200 pretendido no novo site,Não,Recomendação,SV03
,https://tksentregas.com.br/servicos/frete-utilitarios,Criar,200 pretendido no novo site,Não,Recomendação,SV04
,https://tksentregas.com.br/servicos/transporte-de-cargas,Criar,200 pretendido no novo site,Não,Recomendação,SV10; SV14
,https://tksentregas.com.br/servicos/distribuicao-e-commerce,Criar,200 pretendido no novo site,Não,Recomendação,SV07; SV08
,https://tksentregas.com.br/servicos/terceirizacao-entregas,Criar,200 pretendido no novo site,Não,Recomendação,SV09
,https://tksentregas.com.br/servicos/delivery-de-alimentos,Criar,200 pretendido no novo site,Não,Recomendação,SV12
,https://tksentregas.com.br/frota,Criar,200 pretendido no novo site,Não,Recomendação,SV04; SV05; SV06
,https://tksentregas.com.br/para-empresas,Criar,200 pretendido no novo site,Não,Recomendação,SV11
,https://tksentregas.com.br/area-de-atuacao,Criar,200 pretendido no novo site,Não,Recomendação,Cobertura aprovada pela empresa
,https://tksentregas.com.br/orcamento,Criar,200 pretendido no novo site,Não,Recomendação,Wizard de qualificação
,https://tksentregas.com.br/privacidade,Criar,200 pretendido no novo site,Não,Recomendação,Política aprovada
